{
    "qualityGates": [
        {
            "qualityGateID": "AYQntPnC4OLUSOsetaKg",
            "qualityGateName": "test",
            "components": {
                "enforced": [],
                "advisory": [ 
                    "default" 
                ]
            }
        },
        
        {
            "qualityGateID": "AYQntPnC4OLUSOsetaKg",
            "qualityGateName": "test",
            "components": {
                "enforced": [],
                "advisory": [ 
                    "1.0.0" 
                ]
            }
        }
    ]
}